方案,网格间距_m,差分系数绝对值和,稳定dt_s,使用dt_s,有效CFL,裕度,状态
10m主模型_Taylor系数,10,1.31669146830069,0.000479901837857207,0.000459312236323759,0.401980413572367,1.04482702594211,稳定
10m主模型_优化系数,10,1.37571483090863,0.000459312236323759,0.000459312236323759,0.42,0.999999999999517,稳定
