参数,网格点数_z,网格点数_x,dz_m,dx_m,最小值,最大值,平均值,单位
Vp,351,1701,10,10,1028,4700,2671.70345304381,m/s
Vs,351,1701,10,10,726.178865288711,3320.0784697052,1853.26886092196,m/s
rho,351,1701,10,10,1009.99927520752,2626.9998550415,2072.42767036259,kg/m^3
